Workbook

Sheet Basic Data
A1: Component | B1: MW,gm/mol | C1: NCV,kcal/kg | D1: GCV,kcal/kg
A2: H2S | B2: 34.08 | C2: 3630 | D2: 4000
A3: H2 | B3: 2.016 | C3: 28573 | D3: 34200
A4: O2 | B4: 31.999 | C4: 0 | D4: 0
A5: N2 | B5: 28.013 | C5: 0 | D5: 0
A6: CO2 | B6: 44.01 | C6: 0 | D6: 0
A7: CO | B7: 28.018 | C7: 2416 | D7: 3020
A8: C1 | B8: 16.043 | C8: 11943 | D8: 13290
A9: C2 | B9: 30.07 | C9: 11348 | D9: 12460
A10: C2' | B10: 28.054 | C10: 11267 | D10: 11950
A11: C3 | B11: 44.097 | C11: 11066 | D11: 12160
A12: C3' | B12: 42.081 | C12: 10930 | D12: 11670
A13: iC4 | B13: 58.124 | C13: 10886 | D13: 11910
... A22: 1,3-Butadiene | B22: 54.092 | C22: 10500 | D22: 11250

Sheet Initial Composition
A1: ='Basic Data'!A1 -> Component | B1: Composition, Vol %
A2: ='Basic Data'!A2 -> H2S | B2: 0.01
A3: ='Basic Data'!A3 -> H2 | B3: 22.56
A4: ='Basic Data'!A4 -> O2 | B4: 0.61
A5: ='Basic Data'!A5 -> N2 | B5: 15.02
A6: ='Basic Data'!A6 -> CO2 | B6: 0.24
A7: ='Basic Data'!A7 -> CO | B7: 0.86
A8: ='Basic Data'!A8 -> C1 | B8: 30.3
A9: ='Basic Data'!A9 -> C2 | B9: 11.48
A10: ='Basic Data'!A10 -> C2' | B10: 16.43
A11: ='Basic Data'!A11 -> C3 | B11: 0.42
A12: ='Basic Data'!A12 -> C3' | B12: 1.54
A13: ='Basic Data'!A13 -> iC4 | B13: 0.31
... A22: ='Basic Data'!A22 -> 1,3-Butadiene | B22: 0
